Login,Password
EdwReyno2640,234
JosAnde541,anie
AnthBas78,ompute
AlliBr3212,rustno
AdamPayn52,aggi
JennHoov78,23
MelissaGiles28,hunde
WilliDav3212,ustan
MichHar37,9696
JessicJo112,sshol
MFri62,reedo
CinEwing821,1111
JHe7102,6666
CryPa181,ichae
JasmiHarri84,reedo
CDi556,ell
AnVa226,23
BrittanSm438,234
MelissEd83,uperma
ChrHa8,96
NicoColem6,uckm
ChWe6335,ocke
LoriDeleon27,uckm
ElizabeHernande883,eppe
ChGr25,uperma
ShReye6,ell
MJackson235,ocke
RhoDav41,2345678
LoriPage7842,5432
TraColli803,2312
LisaSingl838,ootbal
AliAndrews0,arle
JeTurn8737,icol
TaHarriso8,234567
NPor41,ichae
PMoo3,234
DaIb7286,uc
BrentHowa72,ndre
JRodri0,as
BrendBarbe437,mand
ShawWad388,unte
ColPars22,ov
PeterJackson22,2345
MoLe71,rang
JamesOlsen374,ange
JohWea07,rang
DaMay778,2312
HoWa570,ov
ColHa6640,2345678
ChaWilliams673,es
BPe5,illia
JermaiCo58,mand
JosSmith028,occe
MichelleFor50,anie
JameOlse075,hunde
CarolyMc7,etmei
JaWils840,mand
DanaHerna4,item
CameronCan5,ankee
CaWoo4,uperma
MJone0,uste
JCarr4812,amme
ErSandoval1,hado
MarStone23,unshin
WandHal740,unte
EDavi76,uc
GabMe2,harli
NiThompso7582,as
MattPerez7238,eathe
AdConley4886,aste
DeboraAn3487,rustno
TerHernand115,ilve
ChlMu6624,ell
ChristTr8026,5432
AmandaGonzal41,asebal
RyaMcb836,23
GaHunt4383,uste
TifBo4340,wert
AHens0534,uperma
TCurt4,anie
BrSi5,ex
DoDav3,ndre
GinAlv0,rago
GaryFl31,as
BiancSlo270,oshu
AnnetteDavi0,onke
AnVaugh5,uc
MelindaArr1211,asswor
ALa400,mand
MGutierr2373,tarwar
RaJen0,ndre
JuaGr3,rago
JosepTa3,ichell
JenJone56,asswor
MadisonBeck2816,reedo
JAgui5,oshu
KLew107,2345
BrittPort81,ichae
AusMorr30,bc12
PatrickCl55,00
JessicaArmst73,23
DerOrte1,alla
MeredRam40,sshol
CinKirby4,rustno
ChristWilli7728,rang
Mr.Ryan42,uc
NancKe07,reedo
KaylPric0,ndre
MiJohnso05,sshol
JGriffi30,essic
AlexCamp177,9696
MatthewLo2358,hunde
DaviBrewe7,homa
EdwaAvila34,234567
PatriciHodg3550,rustno
DDudle26,9696
ShKhan8003,ex
JordanBr4704,asebal
KHunt50,anie
JohnathSpence6653,eathe
MarGray35,ange
AntWeb4641,sshol
AmaRh6857,00
AmberHendri646,icol
BenjaminRivas3844,hado
ElizabetGree5710,bc12
CarlLew8,occe
JorSwans8,ndre
SarahDo6656,6666
AllisBarn0,inge
DeboraTurner32,illia
PatrSmith3550,6666
HannaHun1,reedo
JoJack45,ootbal
ElizabetOrtiz86,sshol
DGreene7771,eorg
ChrDavis4127,es
CaseyRee4,cces
PhGome05,orda
ALe0142,bc12
SamanthAnders5,essic
ChriWalls6,23456
GAllen631,eathe
JoshuaOwen203,alla
MMur105,aggi
MelProc07,uc
MJasm7,amme
BrRo5324,uckyo
MelGonzalez22,6666
ASi501,harli
DRic7173,uc
WenMorris653,ille
WilliamMaso152,5432
MichaelGra6,ov
SaJohnson0,ell
BHolmes3,ennife
JamWer42,shle
DyCha576,5432
SabriHi811,uckm
JasmineBo33,9696
AaronGarcia5,bc12
KEstr74,ootbal
NicGr34,reedo
KarBauti70,oshu
TereLo5,ootbal
AYa67,uckm
ANas84,234567
JosBr2,1111
MattheBl83,eppe
AshLew5,23
BriBonill570,rustno
AnJohnso5,amme
TCr827,asswor
ReJo5,harli
PaulaHamilto834,harli
EvanMor5,eathe
DGuzma10,amme
JosepFox7560,item
JHoover52,occe
EmBr88,atma
DomiGo01,alla
JohnDay78,ille
BrMose25,uckm
ScotGarcia70,unte
CaroAl308,hado
DPra5,unte
AMeza56,23
MarMoo1,6666
ThomJame516,reedo
DiaCla3266,icol
MKrause0644,eathe
ALi14,234
MMa18,2345
StaRivera084,unshin
NicholasGrah67,ov
LoganMaxwel28,uc
EmiLee05,item
CaleWi216,occe
TarChase8,mand
KaPatel707,ichell
RebMar0318,igge
DaviGa1,eorg
JohFoste476,amme
DAlvara4173,as
JessicaAg2,shle
AndrSchwa45,9696
DDougher37,rang
KimbeWa047,homa
AmanRe578,9696
MichaelScha870,eppe
MVa706,ilve
JiMcpher8,ille
CyntVasque61,anie
KimSm1801,item
SheBr7407,ell
LiThoma427,illia
MonicGre18,sshol
CBarrett3,uckyo
RoyMorto1230,ex
ReWil861,asebal
DFlore254,ompute
StephaDoug5528,ankee
JessicaCh5,wert
ShelbyRoja2684,96
KriTuc710,hunde
ScottWilliam36,uckm
JulHarrison3021,ompute
DesiMiranda2,mand
RegiRodrigue362,as
JasVargas3367,as
ZachMorr7644,ocke
AGraham5,9696
JeNeal2612,asswor
KatheReeves552,2345
CaGonza7406,igge
LarPark8281,eppe
JuFoster2147,ichae
JJac3,ocke
JaCruz3,asswor
ChelBrau52,item
RichBanks08,ustan
MPhi325,ell
KeMe32,cces
NatCol041,hado
ThomRui816,uckm
ElArmstr2223,asswor
StanFor717,uss
CMoral86,5432
CharHer1,eppe
JoMitch04,23456
JuCurti5,icol
MiGr845,23456
BaChen3,eppe
JefThoma5835,ompute
JuliChane1,ex
JocMoor7370,ilve
KaitlinHammon2,uste
DByr58,ange
DaJefferso7,rang
JordWhit577,234
ASimmons034,cces
KenneJensen375,ov
VictoOrte185,ichae
JoFranklin0153,ustan
HannahOlive2,ustan
GregorWells0,amme
TerrCampbe686,homa
KatRobert2868,sshol
KJo321,aggi
LinHiggi456,uckyo
ColHarris584,ocke
LawrMarti2,oshu
MLo207,aste
JaTurne5026,rustno
MichHar285,ilve
BrandKrau7384,essic
DKe751,eorg
AnaKell0583,uckm
TTerry8484,unshin
ChrBa8,ange
NicholWar877,23
BrBowen50,amme
RobeMu613,5432
JHarr5,uc
MiPe16,ilve
ChristinAnthony513,23
TyleWa5,hado
TrPe4134,es
DustiThoma327,ocke
JosepRicha0758,asswor
PaTa461,tarwar
MRomer833,item
LisaGa04,amme
MichaelCharle3,23456
HeathCurr21,ilve
MeliBa646,uperma
EdwaHaw255,amme
MKri2,23456
PAnders20,asebal
AnFletche666,aste
ReneMcbride2,uss
SamanthaCun4770,uc
EriLeb8,illia
KNavarr052,aste
CesGlas046,reedo
MSpen0,ober
JoWelc0,es
MicWes37,aste
BrianPa18,rustno
JaSpence5,2312
JaGreene682,asswor
JonathRivera2365,harli
KRodrig6,anie
JoseJe8247,ennife
RicHow026,etmei
KimberlyBec320,5432
JessicaSwanson613,rang
LuiBr0,sshol
MrsAl42,uperma
LorHen07,uperma
DavidHe4070,atma
DoTh378,hunde
HowaBer6762,unshin
DenForb7383,wert
BreBooke3,rang
WhiYork4048,as
MikBar55,uckyo
KimbComp752,hunde
SusaSimpso84,occe
JulSt765,23
KarenCla148,ille
MeMartin5401,tarwar
AndrewMc4,illia
DwayneTerr3,oshu
BriMontg726,sshol
StBe5284,ichae
DaviKen120,reedo
DominiquBish2128,9696
EricWill87,ankee
AnBarre6,uckyo
JereMor8,mand
TimothyRoy81,alla
AGar6606,ndre
JennBoo03,shle
RandalWallac661,uckm
KirBrya66,eppe
DrKevin221,ilve
DonKing7605,ov
JeffKe8,inge
HenCle1480,eorg
TroyKei376,234567
LeMalone5,00
AndrewKei4524,eorg
SaraArn22,96
LaureBradle36,shle
DesireeChandle067,illia
ReginMa6641,aste
MichelLo71,uckm
FraPere152,bc12
RobiVas801,igge
JPat0,uckyo
KDillo6152,hunde
MLa7516,ootbal
CTho1502,96
JerrJon22,es
TrFe6166,ootbal
JuliHa17,uperma
SarAshle335,cces
MeganFo8,2345
RodneyJo126,uste
ShawMi0731,rago
TimotMorg4073,item
TamaSampson3067,23456
MaGrave7,234567
MackeFo45,eathe
AlliAdam4382,homa
MRobe4741,ennife
AlThom22,igge
AFord2,96
SuGriffith68,etmei
WMartin80,unte
JCom2815,asswor
JasoHern1203,ichell
RoMitche3,rustno
AnthonCross140,ompute
JayHill5,homa
JasmineJohnson3,etmei
WilJones3,bc12
DarrylBailey0,orda
GleCoo630,sshol
ScottBurton5,9696
ClaudRhod0,ndre
AndrDavidson63,arle
GregoryQu5144,etmei
MarilynRo582,uckm
TraWal5507,9696
JosScot0,wert
RyEll231,2345
MichJones1865,00
KaCle51,harli
AnLop188,uckm
MichaelMo7047,bc12
AndPerez802,ov
MiLane411,as
VeronicWhi1604,5432
MiBeltra88,asebal
AlBa52,rang
LaMitch3086,5432
SeanRee0150,ilve
LindseGoodw0,ankee
ChelseHi44,sshol
RaymoMill734,rang
WillieOrt8335,uss
ErikWong783,1111
AlisonStone17,ompute
ChGo6,harli
PhilipGl23,uperma
RBarre1,icol
DarrGreg282,rang
AmanSchult4,ustan
MelaHernandez1,234
WCo32,mand
JamesTran875,atma
JessicaKelle57,ichell
JonathanFor0,uc
MattSmi50,ankee
KaylHart8,tarwar
Dr.Ashle58,9696
EAnde5,2312
StevHuan38,shle
KDur0535,hado
BraHi04,illia
JuFle4,uc
AmandOli1,ndre
SierLe71,234567
StHanso35,ange
MoniTucker1830,uss
RMci606,orda
MelanWa31,ex
KaHern4,ex
MCart0434,234
MatthewAd447,icol
KeJackson4,ober
GreHe6,onke
MOw106,bc12
VirgiGre836,23
SusBoy567,eppe
ApCruz73,23456
HollGilb3,2345
JJefferso0740,ootbal
JeLop66,es
NicholaLo6,aste
JHod1140,96
BriSan51,orda
TraWatso17,aste
JacquMcguir5,ocke
ChristDur330,aste
ChadAnd8,ootbal
StaCampb58,asebal
VinBry37,uperma
JenniferAdkins2703,atma
KaWi02,ober
PMore35,rustno
MelThomps0414,uckyo
Mr.Timo27,harli
JoBur2268,tarwar
CJo2600,homa
BethJen14,2312
JosTr2474,shle
PetJohns21,orda
MSharp304,2312
MauMitchell1,ell
JonathPa3,rustno
ChrGreg361,hado
SeaDi6,asswor
StanleDen7765,ell
PeteSchw471,cces
ElizabetWrigh44,aste
TanWhite4,orda
BriannaWilc8,atma
BrandoHes2,234
SWol0,23456
MarNguye81,rang
JaGarc7,ell
RachelFitzgeral2130,asswor
StephenShiel8,hunde
JennifePric3,occe
CaitlinRe03,item
ChrisMaho0,23
AndreaBennett4280,wert
MichaelGray1550,asebal
CheryBr0235,2345678
MatthNa5,6666
MIb8100,icol
MaryGarn76,unte
MatthValdez737,96
JamMcinty1,2345678
MarcusWigg0,ocke
CarWals7030,uste
ShaBa3414,unshin
LindSmit87,ille
AngelBens71,eathe
AngDavi425,ndre
KimberlyPerez073,uss
PatriciTo50,eathe
SWalton1202,asswor
BrandPr6,mand
JorgeDicker78,9696
DCurtis6052,aste
RyHernandez0817,hunde
ThomasPa830,unshin
JusMendoza08,rang
AmyHi7887,mand
RusGarci0,rang
ScottEdwar58,inge
HerberBro8,mand
EAdam032,1111
StepGonzalez066,item
EricTrevin25,mand
NoaFitzgerald5818,orda
CSmith621,ille
VeronNe1423,ennife
DaMedina407,sshol
MiWi358,homa
RodneMel2357,ichell
DiaMcdona277,asebal
RAllen7758,sshol
SteGarci453,sshol
LuiWar2,sshol
SamuBro8,eorg
AarFo458,uckyo
PatriciCa85,igge
DanEricks6,tarwar
RElli630,ichell
DonnJa784,rago
TonVe4,essic
JerWillia545,eorg
JohnMo75,6666
ChDa0,234
AnHo4,23
JoNels218,bc12
VanessaNe6335,2312
Mr.Tyle672,onke
DLarsen8304,ootbal
JaniHar45,alla
ChristopherMi2142,eorg
JacobSanto41,00
BriGarre8,ov
KateWi6434,2312
ABarajas4,amme
LauraSantan867,uc
EvanWheel2,eorg
ChristinMatth11,ange
MOlse6030,rustno
ACrosb4435,uperma
DZimme8,alla
MarLo03,ange
DaltonPhil37,tarwar
SarReev274,eppe
KimbWilli38,essic
AnthonCarney1,arle
MicMc0,mand
SonLarso0,tarwar
SaColl131,ootbal
RJohns5,uckyo
TrGuer127,aggi
MarkTerry83,ompute
RTer74,atma
RaymoGolden80,uss
DHenry1402,alla
WaJohns636,uste
KyleKin08,ell
ChrTr6,uperma
RebeccCoo68,shle
ChristineEs81,as
DrKatherin41,sshol
JoJoh6,mand
SteCordo6,ille
TObrie47,2312
AshleyNas228,item
MKr122,asebal
KaRobi6,ichae
AnthoCar201,hado
JamiRu3168,anie
DeGarz04,hado
LindsaySpence1450,anie
DeboraRamirez1206,uckyo
AnLy676,item
JTurne6,bc12
BrenGoo3862,aste
BrMu046,2345678
BriHill734,wert
LauGarcia37,hado
KyGarz78,ichell
EdwThor6,sshol
MatthJone863,tarwar
KriHamil116,aggi
GloriaWilli5,ober
JoshuaKelly4,arle
CliffJenkin33,ex
KylCas0587,unte
DonnBe417,uss
ACrawfo0155,inge
RAda5231,cces
RyCar5,uckm
RobTorr07,icol
PatriCollins4,arle
DakChambers3506,reedo
PhilliWat51,00
StephaniHa5,2345678
AlexanDunca3,6666
DanGriff5180,96
RobeLewi51,orda
ERodri5108,onke
TifFiel16,ompute
CarlaCh4406,ober
DonnAtkin5,essic
SDav347,amme
RyaWillia34,9696
RRodrig6,aggi
BeverlMcknigh30,onke
SeColema502,atma
APrui5,aggi
DaCastr360,igge
MichaeWhit7845,2345
BriRussell533,occe
AmbeOne6857,homa
VickieJohnson00,uckyo
HeatherPe44,hunde
KJoh055,ille
WhiBurn87,rago
EJon237,ov
NicColeman56,234
PaulMurr4200,harli
DOli40,tarwar
CarmenPenningto5,as
AutumPeters7,essic
TylMo2115,ustan
LorrReese43,ootbal
OPay32,homa
BrHowel233,icol
JBuc7734,ex
LeonaHawk1,atma
BriaBla3,9696
BrFu8,9696
JeMendo322,rustno
JonSmit7,uste
AmSandov87,icol
JerrKnight57,unte
NataliGu8114,amme
WilliamJohnson26,arle
AZimmerma7,cces
CoreyDay4,sshol
KevinJo125,asebal
AshAnde3,uss
AGonzale11,eorg
JMo57,uss
CindTa6,essic
ColleeMor53,ndre
KristiCra7,occe
ToGo67,ell
JacqueFros1735,arle
APric0503,shle
YDe4607,es
TraZun7654,aggi
CByrd03,2345678
RicEw5,tarwar
ThWebb6,asebal
KriWilli818,asebal
DouDe3516,inge
RoberJohn457,bc12
TraceWhite8,cces
PauCas86,occe
KrHa5,shle
HayCha3558,occe
ThomaCoo2,onke
ShButl6436,2312
NicholeCoo7,1111
MarHa608,atma
MichBra388,ilve
LBro7850,unshin
SusanHa42,ov
TodRya7702,ankee
MGonzalez5,item
RSalazar1,ustan
NaMille18,aste
MartinLee035,uc
ErGalva3,96
ThomNewt8032,ichae
ThFie0,rang
DeaChurc6,1111
SCam5,orda
CarolynBro14,asswor
JesTayl6,ennife
RonaldSmit766,onke
PatriciWe8,as
JamesMc588,unte
CourtBe8,234
CathRosa762,ichell
EricaDav0,item
CharlesYoung63,occe
TSmith4,eorg
DavGomez482,arle
VCombs5,ocke
ESand7014,ompute
SheSaunder47,23456
TherWalk5,occe
KSco502,2345678
JessicBar823,uckm
MonWe1700,arle
MicTruj3,ichell
ChaHayn5887,es
HeathFischer7268,ootbal
ChristinDelacr653,tarwar
JasoHeber182,ell
RicCo7771,ootbal
MoMur44,bc12
BrendGalvan8,23
ThomaHod8,234567
JesBarn0386,icol
GarRa1711,es
DebRoger66,eathe
MelMille7,wert
BrLo8,as
JosepJe3,ange
MarLynch0,amme
MaFl6780,ankee
JennifDou53,illia
PeterNelso6701,orda
StepDelgad8,96
BrendCla81,atma
TonyVan5,alla
BethanEstrada6808,ille
RobinSalin088,reedo
DebraStanle42,234
CrysGarci21,234
AlexaLee320,alla
KRobi8004,uckyo
ChrFriedm86,alla
BradJohn4,hunde
ChristiMcka6554,ompute
ChristophPar1452,reedo
ShawnDi27,ankee
MackenzAnd865,atma
RaHar1,bc12
ChJohn14,inge
ChristophSmi323,ankee
BriThomps010,eppe
EWal2,amme
ElizabethHanna17,hado
LiCa77,as
BJam004,inge
JeffrVilla3324,illia
JanetRober555,234
DavidSmit46,tarwar
DKatherine31,234567
JamRodrig514,00
TroyLe5,2312
AnRichardso3,96
MiDelgad61,96
MCarter5,illia
KristConrad2,ell
KHun7128,ichell
BraCampbell584,ankee
CaitlynCo868,homa
JPo20,cces
KaylaKi8,inge
JonathaRios3750,ichell
RacheWar7816,essic
BrHun265,homa
MiWilliam8,ille
TFu5,ange
CassKidd2653,uss
ChMack1714,asebal
MiMorris27,alla
GMi875,ichae
PaulHal3,item
EricaRu171,amme
StephNguyen055,23456
KCr227,eathe
RusDavis84,mand
ChristoHa60,uperma
LaSmith1,ichell
RenThoma331,alla
DannyGomez8778,illia
DiKl562,asebal
RonMill6342,eathe
MaLan5232,homa
MarGarcia8142,icol
KJackson6,reedo
JosPe5,tarwar
DanHuds18,ov
StephZimme6,ilve
RobSmit23,23
CCama785,harli
JennCa2,essic
TyleKe88,essic
MadisoKin5653,eorg
CaitlKin66,unshin
RWagner25,amme
PaulKi704,2312
LonnieMy6,hunde
ChristophOls43,ocke
LindMo5,rustno
JaSanch015,arle
BiancaJenni2,uperma
HeatherBen231,9696
ChrDra2,uss
AndrewRob46,ustan
JJo4,ilve
MichellCla47,23456
LauraMoore4,ell
SharoBr17,unte
HanWilso57,orda
JoWe68,234
MeliLo0,ndre
JCampbe7,uste
ASilv785,wert
MarWa6537,wert
DebMo004,uste
KevinJohns1,illia
TraKirb77,anie
RElli7655,atma
CasJacobs776,unte
ACarrol78,cces
JennCox4447,ilve
RiNe7101,rang
LucaLop4,amme
MarWilli32,eathe
MaMitc13,unshin
AnnMora65,ilve
DeKn3,reedo
PeterMol1475,uckyo
VanesWh0788,234567
JuliBrya838,2345678
MalCha7,item
AlbertAn2047,asebal
Dr.Kris3,uckyo
JustBond0644,5432
RobeHarr1258,ustan
BenCampbell7,234567
CyntAnders5,ocke
PamelMoss45,occe
ScottPar76,unshin
PWatki87,reedo
ScottAnde2808,ennife
DustRe62,ille
JodiJones2237,1111
KimberlyCorte1,arle
AdriaSmi5,ndre
LaurChristens3782,6666
MatOwens283,occe
AlFisher82,rago
NHarri1746,00
AmanHo3855,alla
DRom644,atma
TomWright108,234
DSha0,9696
MichaeMccart2,item
LCunnin6,rang
AdamJohn068,etmei
BriTyler1561,amme
AnJohnson363,eorg
TanyaIrwi638,reedo
ScFo2,rang
KSt006,ober
DeNorto2563,00
ThomasWe3,234567
SherryTo88,uckyo
StephanTaylor4470,ichae
BrianThompso81,uste
AleGree40,ange
ThomWell2,etmei
CarriRuiz1884,6666
PamelGord4,cces
JDelgad6,ex
JonathButl210,ell
PhThom4830,00
DCoope2263,6666
NBroc1,anie
CuHoff7,rago
JarMoore182,1111
Mr.Cra812,rang
AFarmer5,inge
CaWyat2,234
KatherineSaw508,amme
LaTa5,wert
KeviRee1883,hunde
KathPear2,2345
BiaCo76,ell
MaGard484,uste
DanGa2,uc
BLe6075,item
SShaff5,aste
SNo5,23456
JasoRob25,234567
AleCarte526,hunde
BranFitz56,ell
JessicHernan681,ex
MrAndre2,anie
SaWillia1756,ex
MarMorr00,ocke
HollyHo351,ober
MistBow1,reedo
MrsJe8034,alla
JeLang632,uckyo
EllenGr5,cces
MicWhe1,sshol
SAdam46,ov
DonnLewi3604,arle
RicHo53,alla
RachelMill7360,eorg
MatthewWhi0,etmei
PaLopez73,96
LHa857,harli
CThornto7680,amme
DanHo322,asswor
GregSt8547,alla
RogeHernan000,hado
JaDani7,anie
JosephBurke605,bc12
PLo3353,item
Mr.Al4,essic
AWalker6,essic
AnthoMe3,reedo
FWhite742,as
ZacharMcc6577,es
RSm0671,1111
BriOr563,as
JohPhilli86,6666
NicAvi854,tarwar
JennHeste5,5432
JonaLin3561,item
THick3746,aggi
BrittanHood5782,asebal
CDy8,rago
DeMill25,asswor
DaHorn5171,96
MichBarnes5466,illia
JOlson205,ober
JLi21,homa
MJon3,9696
AnPena7,essic
BriDav7,2345678
MiDaniels68,orda
MPatt5,rustno
SonyaFrey3,ober
WilHal406,sshol
ElleHernandez76,rustno
JuJohnso2,atma
DarrenWalker4,ille
RicPe4723,hado
JOlive2,ange
JaBar4,arle
TJackso865,homa
ApJimene2,tarwar
CarFrankl0,ndre
NatasSawye40,inge
NicPoole6587,2345
SusanWal630,ocke
MeVill44,reedo
ElizabMart13,ilve
JasTh875,orda
JoMcguire8,ober
DMartin5,2345678
CaHayes040,occe
VJohnson2,ange
RobeRey01,rago
JohReed8,ilve
WAg8700,etmei
LCamp402,2345
CaiSaund0,ennife
BoAlexa34,ankee
JuRee147,alla
ChristinSulliva21,item
EdwinMurp557,ndre
TinaFoley61,asebal
JenniWhite54,hunde
SAlle7,23456
KaraJohns613,asswor
HeaDec77,amme
JaDavi054,occe
KimberlyWalters5230,occe
PYo2056,alla
PatBrya3,ustan
SeAl1507,unte
LindDavids3,uss
JuRu27,item
JThompso3506,mand
JuSwanso7,tarwar
FeliTurner1222,reedo
CheyenGa267,homa
HollSalina5464,unte
JOr53,unte
JMi2,9696
MMartine72,23456
PatricFarm7146,harli
JonaLane5741,ompute
CodyHarr6057,uste
KyleMcd76,9696
AshlWilso4080,23456
AntonArnold46,unshin
JaBrow2,9696
SeanRobbin43,homa
MorBrad1,00
KBr7,anie
WHall467,ex
ViGaine70,alla
CoryYoun74,atma
OmDavi2,234
WanMcc427,2345
ERo23,inge
TraSm2703,6666
JamesDay207,eorg
AHaley0660,item
AnnettHoffm0,amme
JessiDavidson4253,rustno
TayloMedina162,23456
AlisMcdaniel304,uc
HaileyClement411,hunde
GRandal6152,aste
ReginalRodrig7351,rustno
AmandOr3,sshol
WalteHoff023,homa
BriaDalton768,234567
MichaelBrooks3,00
LaurGonz545,aggi
ZacharyMcmahon2,ompute
BradleClark3,anie
MSm7,ille
CHen513,uckm
JordZimmerma45,23
SteveCaldwe2,igge
GeSt3007,aste
JSchwar6253,atma
ElSande4,asswor
CaGard50,occe
JacquelDavis1,unshin
JacSu2,oshu
DianNewm36,as
WilliaMa813,occe
RandyKai200,ille
JaRobin58,uckyo
SergBa24,aste
AmHi831,96
GregLi744,etmei
DaviKl11,ille
ScotOlive1816,ober
JCarte8230,ndre
ShLope1832,unte
STorres3053,tarwar
SuGilbert4,tarwar
CaitlinClar10,es
MSwa6167,aggi
SThomas544,eorg
TKenn76,eathe
RegiHunte756,ustan
NDia7535,2345678
EvelFarmer480,96
MaSo38,sshol
SuWilli303,5432
KimbeLarson1,alla
PhillLon6,ex
TerryGarci8,essic
BVill1,uperma
CaroShea3725,igge
KAdams41,23
MaurDavi3,hunde
JoEs1,eorg
HaroldVeg8625,eppe
RayHu03,homa
CoCart3,essic
EugeCon3,asswor
WilliWilso4528,mand
JameCla3460,ell
JaSi1,6666
SteveSander5,ell
AnMedi11,6666
ChriRodrig48,icol
PJa123,00
JonLee551,oshu
AsPric2,aggi
JimmyRobbin7482,ndre
CYor781,23
MatthewHern1811,rago
DevinPerkins457,ootbal
CesBl42,icol
PaBa1,icol
MichellJohn0786,ilve
KareLa575,rustno
CharSanders051,bc12
TerWillia04,occe
MichellGr2,essic
BrandoRodrigu161,eorg
AmandaCarr7640,illia
DarCar437,ichell
ChrisBe82,mand
LHendric616,sshol
JosephSut087,uckm
MrsTa036,ichell
TaBrown317,2312
JaMar430,amme
TiHob6,etmei
HRoman053,2345678
MBaraj5,es
KMorrow4,alla
BenjaminGib451,alla
TySilva470,ndre
ChristopherNielse37,ompute
HeObrien8,arle
JamieVa3,hunde
MStephan778,ankee
AKe6,igge
KSm1344,uckm
StanleyCor0,aggi
ChristJo176,2345678
JoAye8001,ndre
BobbyBell8743,hado
LuMa8512,uste
TinMun375,ilve
WYoung5282,ichae
KerrTorres1741,5432
JSalin26,eorg
DavTaylo880,anie
ThCurry4811,tarwar
CTurn285,ompute
TrRo228,sshol
JosVega712,ell
ShawnJohn6,essic
AndrewStewart3462,sshol
MrsAmy45,hado
RhonAnderson21,cces
CTa6,uc
JerTr424,essic
LisAn3834,ocke
KathlHod7087,occe
ChristoRe5,2312
MaGregory385,rago
MichWalker707,atma
JoshuCom258,inge
KEl72,asebal
JaHayd6,ex
DavPo502,9696
JasoGa172,rang
RLope05,alla
RoberWalke6080,2345
ChaRo072,uc
MichaelMar7,rustno
WiTow524,rustno
JacquelSm2,ichae
MichaelDi63,igge
MrMatthe03,alla
BCam275,aste
MMarti3228,aggi
BarbaBoyd1605,23456
CatMills03,uste
TimotDoug1,harli
SamuPer03,unte
AmyGrah248,rang
KathlDr15,alla
AnnAnd084,arle
ABur842,eathe
KGonz0118,ootbal
MrJona7,ichell
BryaHa8,ennife
AnthonFarre2371,5432
HAl4072,ex
ErStok362,ell
CynthiCar830,ompute
ErWol5421,ompute
DanWalsh85,essic
ChrisHobb3,ille
JeffReye43,96
KJen4,ange
CalebGarn6,ell
BGra314,shle
KarJohnso682,ex
AlPatte2,arle
KShelt23,wert
JacobLe585,shle
ChMoral042,aggi
AlysHayes3413,6666
ToGarc8581,96
JulieCas65,ompute
DanReynol4846,rustno
MartCh10,illia
BobbFren6237,6666
FeliSny0163,ndre
JBec37,ov
JonathanDavis363,uste
KYou384,anie
MaJe256,eppe
StephMurr71,2312
JamesRober5323,00
VeronicJac6,eathe
CrMorr7163,234567
CrystaBradl7,unte
KevJacobs5682,uckyo
ChaMas5735,es
SamSan1842,ootbal
DebraLitt8174,asebal
DJo8480,eppe
TiffCamp8,ennife
LinSmit7224,es
TerJo8,ndre
JesWall66,as
DiHarp325,aste
StevenHu61,rang
ScoBr1313,asebal
JamesHa05,onke
StephaniBolton03,ichell
RDun3372,as
BrandFo01,arle
AprLow23,23
AustYang0471,2312
PatriCurt07,icol
TaNels3546,hado
RacheBrad1102,ocke
JenniMiller8,uckm
CherylPay40,etmei
BarSu82,ndre
JeRobin0,ankee
RoberMil53,23
MMill4560,rang
ErThomas0787,eorg
ThomasDa4,asebal
DLyo7,anie
LaurSmi0225,2312
AlGibso0731,uste
JonWill5,eathe
KareBrown225,6666
HenBu666,ex
DustinJi0,inge
MeHil4,sshol
JenniferMaddo8135,ex
JosScot55,ichell
TamHu540,homa
TraRosales2,ustan
AlexanderMarsh4683,inge
BriannMo72,arle
KaMullen2653,ichae
MegaMckinney6,ex
DeAnder81,as
AshleyMay12,unshin
KenWalla24,ille
MrKat0135,unshin
TommyHorn2,ompute
RacLe143,ennife
APor532,occe
JeFoley1074,eppe
RSwanso667,uc
RogeJon22,ille
KOrt7,00
DaPark06,ober
RobNi8,ov
ReWhite225,ndre
JPhi806,uckm
AndreWa4042,5432
CourtnPerk801,alla
JulGar0,eorg
BrandPatel6588,unshin
BrandonKnapp1,uckm
KeBowe31,ex
TylePe4345,23
JulGard5525,uperma
KimberBaker0,ichell
KeLewis7008,ootbal
JoFrey3,sshol
SaClay3,eppe
LNe55,ilve
JennifMendoz10,23456
VickiFoster5,96
CrysAn88,essic
PaFloy13,atma
MaureHall661,shle
FrankliHi53,rago
KriZim883,sshol
JavieTh650,uss
DeAnders5,ichae
JasonDa4,eathe
BreLa18,00
AaroPe3,eathe
JeffChoi8363,ichell
MigueMorri750,ex
AMitchell5200,occe
KAnders2,23
SamaWigg768,ennife
KMc25,eorg
EriAll601,asswor
EHammo8007,234
LiGre85,2312
RichardEstra3265,uckyo
RyEverett26,unshin
StepPerez1,ankee
BrPere7,ocke
PhilliLan01,reedo
MicheCh840,onke
NCar2,ustan
JustinCantrel752,es
JessicaGate6628,23
MaHa676,23456
AleHolt275,rang
AmaBe2825,234567
ChristinMitchell1461,ange
TimoBailey0,atma
RoCross52,uckm
ElizabethTur770,ichae
StJo6677,unte
JanJenki101,2345
GeorKan8,2345678
PeKoch8,uss
AaronKramer54,uste
ThHu0552,inge
DThompso0332,unte
JWar08,234567
MatthMorris57,shle
KeitRodrigu634,aste
DavidMck4446,ocke
GregBaue843,uc
MaLivin0426,23
SheGutie86,ennife
JerWi340,harli
FernandoHancoc7,2345
EriLamb87,ell
PaYo3,ex
AngeLe116,es
JennifCummings3,illia
MonicaHunt882,mand
AnGros6647,reedo
LBro67,icol
DaniTerry03,reedo
AnthMay534,etmei
GiNguy0,tarwar
NWri01,mand
PatriciCo84,2312
TonyaBall1,mand
JesDaw782,wert
MadelinBlai47,ange
AGoo660,9696
EdgBurton772,as
MaMa68,wert
BretCoope6782,orda
JasmiNorr06,ootbal
AShea6680,ocke
CindLe7842,ex
LynnAdams283,item
JeffrTu7,234567
JasoMc0,23456
CaWalker666,ootbal
TimothyWo643,2312
NathanAl4,uc
JosephHurl520,orda
MatthMiranda7575,2312
TimothyPotter5,bc12
DeborYor2061,es
BryEst84,00
LiRya6855,2345
JYo744,00
Mrs.Amanda8551,ange
TerRobert52,unte
Dr.Evan281,9696
CrysMoor344,oshu
CrystPark28,hunde
JEs41,unshin
DavGree066,6666
PatrLi6,homa
CDy411,tarwar
JMerri02,9696
RStar17,anie
AdBr71,wert
JaCollins623,icol
CrysFra4537,orda
CathFox5,ennife
AdBu52,occe
ChrJohn02,ankee
KeGomez4361,eathe
JohValdez14,tarwar
RobeMille6,ndre
JacCa66,ell
PatLew586,rustno
PaulBr7704,bc12
EriHil68,es
LisaCru373,rago
JamesBishop21,uckyo
TePetty651,orda
TiSander7,eorg
MiColema564,ober
AmbeMcki3,23456
ScSmi36,icol
DeShaffe365,ankee
KriMa642,essic
AnthVa481,uste
RebJackson8457,ompute
MSto48,unshin
LarrSm3,inge
DianaWr78,1111
NathaArnold48,ootbal
KellWal71,ankee
JLe01,hunde
WillHarr5,as
AmyFernande4,icol
MiCa6031,anie
AmCoc4864,amme
JArms7,onke
DebrVa7541,2345
WilliaHenderso6878,orda
JameMullin13,essic
ChIrwin80,ompute
MarLe8,ennife
JareElliott051,asebal
BriaThomps3187,ell
KathleWa61,asswor
KarenFe26,reedo
MelissaKel83,sshol
AmandRi264,ustan
ShannCalde2,onke
AndrewPatel3,asswor
MichaRo0,ankee
CPena48,asswor
JoanBrow1,icol
MattheRuss8,icol
ToCha485,ange
ToddNelso7,ocke
JDixo38,uckyo
MaDavis1,harli
JustiMoy0876,ange
BrJua3566,2312
JusCerva8032,234
BrendDoyle634,anie
SusanBrownin4,5432
BrianWh1441,rang
JaAguil5853,alla
EriPhillips32,rago
TJohnso3,mand
AndrewStr00,ange
SDy2,ankee
AJord4,occe
MoniMcbr3,ompute
JesseSmit8,9696
TimothyFarle8803,234567
JessicWar506,ennife
RoHarri74,ilve
JesusTh8808,inge
AlexRe037,rustno
JonaNielse36,2345
AnCantu84,tarwar
ToniCastan384,asebal
JohParke472,ustan
HePark67,uperma
SamuWill84,ille
RogeLee271,ov
JoaOr1,igge
AlexandGlo373,ell
RMcdani5,unshin
ETucker43,ell
RonNew3,bc12
DavidWilliams867,rang
ChristinaEdwards5572,item
MaPr6,wert
LesliLiu35,as
CNorr85,hunde
JohnathSm7,asswor
MadisColl1,ille
ZaOr1,etmei
JordaCunn0860,reedo
JKenne58,inge
PatAcev6167,1111
JoshuGonzalez3,2345
StevBo2100,ootbal
PaigParke2271,arle
LaRosales207,rustno
RaymondSchneide673,1111
MeghaJohnst7,etmei
JameHans175,23
NicoMoore0062,uckyo
PauMood74,alla
JosEs588,sshol
NaSm7,occe
AnMclaughl0,rago
RichPhel2258,etmei
LouisMartine7,arle
JanicWiggins33,uste
CourtVe8,234567
ScotRe6,ennife
DaPha128,tarwar
BraKel7,9696
Mr.Christoph123,inge
KellHolland40,2345
TraDu60,es
KimLamb50,shle
CynthiHan5,hunde
JMcinty7,atma
BarSn836,234
EveLawson275,ille
DThompso57,rang
LiGriff404,hado
MiMathe6,rang
MeagHal64,item
JasonTurner8311,2312
BWilli7,23456
StephaniHoffma6,uss
AmaCarter4563,5432
JoyceAlle726,sshol
MorganDun5,ober
SuRoja52,amme
RCoo5662,ell
JaneUnderwoo3,bc12
VicPa1,orda
CheRee5244,aste
SusCa07,uste
KennTuck31,asebal
MarkRoman53,unshin
KimbReese532,harli
RichaHunt6241,oshu
SheilFi27,uss
AHam3,uckm
JosBennet8251,item
JessiJohnso622,hunde
JamSto21,asswor
MaRam680,essic
GabrielCru1,ov
JohOlso3,shle
RJohns4220,2345
JustinHar3,ex
JCohe262,ilve
ThomasHal0,oshu
DJohnson4444,234567
PauOconnell2684,234567
ClRui47,igge
JaGreene8352,oshu
EWils86,2345
ChristiHam4,sshol
DShe25,item
WeMontg86,rustno
CassandrDouglas3702,ober
JaHow4686,amme
AarThor528,orda
DaColli5,orda
DeviWillia6,ichell
CynthSmi7,inge
SusanRoss7042,eppe
IaWhe86,alla
JorRange4430,orda
JessicCopeland08,occe
RobinMoo7,eorg
KWya1,as
JosepDavid26,uc
BrenSmith7564,9696
ReginRoger831,hado
MoniLewis4162,bc12
ConnButle3,00
ChristiVeg71,1111
PeterVilla2770,tarwar
HollPa5,unshin
RoberWaller5,00
SaMckinn63,ankee
JoseNelso6177,ell
LisaFu64,5432
CGraham0,orda
KriSc0,rustno
RoGutierrez351,homa
ChrCohe231,uckm
MikMille74,inge
JacobYou6,shle
GrSmit0465,ankee
SMclean5081,eathe
DanHorn1776,ootbal
VeIbarra68,unshin
TSand483,mand
RoberMoses18,alla
NicJohnso4431,ndre
MRebec0557,occe
JeKelle8,9696
CarrMiller113,shle
TayloRi52,asswor
MarBryan2,item
MelSmit20,bc12
TraceMil06,illia
JoshJo3814,ilve
DaHernande73,ichae
CarlCampb43,5432
LoAnderson84,ange
JoseCooke1800,uperma
AlWal521,ov
JenniLu11,ocke
LuisYor7,aggi
LiWell82,2345
WKe714,atma
CSmith7137,wert
DaCo14,rang
PetBr0,bc12
JPop8,hado
SeaWright5,mand
MelisPrince3,ichell
BriaAbbot62,wert
JasmStephens6,uckyo
LBa27,234567
MiRice384,alla
AnMac8801,uss
ViBal275,illia
DaviBr8017,ilve
JesBallar84,eppe
RicharLon2,occe
MMart5,ell
SaJohn144,essic
JustiTa61,ennife
MJackson62,00
AnnaRoss3208,ennife
JTh582,hunde
AnneGray284,anie
MeRichard7,ustan
MatDrak6,cces
JonathaGarcia2,anie
CatherGi237,ober
GaFost728,wert
KaWo1731,96
VRice6148,asebal
BrFree4366,amme
RichaGibb00,96
JuGeo8042,homa
KrystMa74,ndre
APatto4,eppe
DenLewis355,2345
MiEvan72,uckm
IWee5320,6666
BeMill0122,ilve
SDavis0,wert
KeKenne64,rustno
KristAdam70,tarwar
MaRogers5346,2312
AnthNguy005,sshol
SandrMurra828,harli
MarGree4,ober
TroyJon6,essic
MichaRo68,2345
EMoore11,aste
SCon0514,ex
WillWilcox2,inge
HeatMoo608,sshol
JRo1453,00
TracySl130,aggi
AmBurton8472,eorg
RandMor1822,oshu
RhoBell4,asswor
LogaSali30,eppe
MarkHa378,anie
ENel2,wert
TerrMars6203,ell
SeaOrt615,item
CoKlein03,hado
RodneyFree0,234567
CBranc06,tarwar
KStanl2,es
DilBurton88,eorg
ChriMor545,onke
EliDunn5,ichae
BMa3,harli
CBa7660,eppe
BryceEl5,rang
VickiHernan176,234567
AnthonHay4404,234
MarMos112,ndre
JColem05,bc12
TimBish0,uckm
RodneyFox25,reedo
LisHun233,23456
KatiRod445,ov
RMye4320,1111
CynthWoo04,occe
DavidGi34,unshin
HectorRodri22,atma
CSandov16,inge
JaPeter404,ober
SharoMc55,uckyo
NathaSmit28,oshu
ToMartinez78,rago
RebMitc52,ompute
AmaJu37,aggi
RiDomingu157,reedo
MichYo2,onke
JerryHuffman63,rago
DaniJohnson663,tarwar
DHarr3375,mand
JonaChristens55,asswor
CorOwens7,234
JRamire0876,ompute
NiEll30,hado
CourKais6,6666
AbigaCalho7321,6666
JenDavi436,eppe
BrJon086,234
ShannonAnde72,inge
Mr.Thomas80,unte
TeresaRami658,ex
KennMcg6,ustan
CBra6,ex
AlPo3,wert
MaChand4406,arle
SReed004,aggi
JennBu8436,234567
CaHayden024,harli
JerOnea7363,reedo
DHouston6823,ootbal
DGarci736,orda
ElizabAll54,uste
OElliott4753,rang
AlexBaker863,icol
CarDudl2126,uss
LisaJack1682,aggi
RenCollin7810,wert
RicBraun344,ilve
TereLawre7,1111
JuVa81,occe
LaurRodr337,23
MDe31,es
SteveGay4,essic
SteOc38,atma
SamuEvans24,as
SheilaRobert0520,essic
JessicaRod250,uste
StephanieRamos2122,uckm
CiRodrig6825,tarwar
StDurha6,cces
CBai4275,ndre
BradSulli54,shle
JusPat5523,ocke
JSu3284,asebal
BrBo17,mand
PLee262,ichae
JaAn286,2345678
RobertMende8,ankee
NoaDavi8,9696
AmbeJo03,wert
Mr.Chad12,6666
SieJoh63,arle
PauKram2545,reedo
CSanc1257,sshol
JBaldw75,ov
MichaeSmith4,ober
RonaGree226,item
JessDanie1,ompute
PameRive5,inge
HPhilli8,2312
NataPre45,es
KathRichar8482,as
MarHern86,ell
BarGarza6488,234567
WeJon48,2345
VictoJame2467,asswor
DaviHarris52,orda
JohPrin25,aggi
JeGuer628,ille
RMc0871,ange
TaraStone5302,hado
KelseMille4,etmei
MasoJones232,aggi
DuaJohn27,234567
CherylSm16,2312
GabrielGarz564,23456
AliciaMills65,illia
MargaretScott5833,icol
NichWar36,rago
WeCla7283,ange
BriPa4761,ille
LouiWrig15,occe
SavannahDougla261,icol
AGa364,ex
KathryFishe56,2345
JamEricks058,arle
SarCros840,occe
JKn14,rago
KSnyder77,23456
RebeccClar7,bc12
MelBr0847,tarwar
KYork44,igge
MatthWilson58,oshu
LaBarnet150,ompute
AYoung15,oshu
BEvans6021,ndre
CDona857,eppe
AntAustin03,icol
JenDods5848,cces
MelisHo2438,ex
NicolSilva88,mand
AmanWilliams7,2345678
MadelineDickso816,onke
SusaCoop8,eorg
StacyRo6018,reedo
JHende7701,orda
EriCl4232,unshin
RachelSte44,harli
MatthDa507,rago
WilGo422,ennife
TCoh6733,ennife
TonyaAl328,atma
MicGordon44,unshin
EJones7721,reedo
APeters7680,ilve
MTa6852,reedo
ReMat0,cces
SGarcia254,ange
JamesMartin05,ndre
JoSmit171,uste
NiMa3386,uckyo
KristaBl145,uckyo
ENichols45,inge
PatricGi1433,shle
LiHi700,5432
MattheJon7053,anie
KatherinKel2857,6666
EmDa8,ichae
MKr0,ompute
BriAl38,234
DaLong2630,ov
MaLe2,rago
AnthoBal713,unte
TyLe73,uckyo
KarenSmit444,occe
DouglWashing00,ankee
CaroRos6,wert
DanDav01,ilve
RoseWils4878,illia
JeGar26,orda
TimMccar81,ompute
JessBen4486,oshu
PeBr475,ocke
MatBe65,2345
MichelRey8,essic
ZachaJa831,ootbal
CassiAl120,ndre
NicHays45,wert
ThomasGa275,essic
Mrs.Lor2241,uss
SamueHar728,bc12
SLeon67,hunde
HeathJohn087,unshin
LinRee1843,shle
MichaAdams60,icol
RHal51,illia
RoberGa143,aste
LaOsbor4375,eorg
LiWhi8432,oshu
SamanthaMe2508,es
CFord2320,tarwar
AnBu350,ennife
KWillia61,234567
VeronEdwa7425,sshol
MichaKing2,ange
JerKirk0,rago
EmiRich3367,atma
DavidWillia30,rang
AndrSmi6,oshu
AlCart7,2312
BHane0,ichae
SBec50,ilve
ACl7,9696
JSmit22,tarwar
NBake3,unte
MiCoop3,shle
ChristopHu614,as
JameGoodwin4,arle
AntoniMartine41,ille
DVargas8,tarwar
BreHoward482,oshu
RyanDavi2410,eathe
AnBish355,uste
CharGarne3,uss
BHendrick15,shle
LisHick0,item
AndrMer6,reedo
HeidiCook6484,aste
JonBar02,ille
StepRho271,ennife
MFlow0520,sshol
CBank0,23
EKoc7,es
MarkOc3875,ex
TereJohns17,eppe
RyanCole3,harli
ScottGra450,anie
JMoore134,item
WilHarris234,23456
GeMoo0,6666
WhiFl166,es
AlHarding4210,uckyo
TWilliam7808,occe
DebraWilso621,asebal
JCl4,aste
WilSnyde42,ennife
AllBry8150,ustan
BrianGreen6638,2345
RyWes2311,rustno
JDavi734,shle
ThoBr66,234567
AHof2217,ilve
SteveHa2,1111
CLawso8,eorg
DaniJohn70,hunde
GeraldEva54,essic
JacksAll8337,unte
JosMorto3802,234
KimRio2866,eorg
SeanMar232,uste
DaviWilliams66,arle
GabrPatr6311,9696
BThom35,ange
SarDu742,unshin
CyMoor3,ennife
JoanLop1,9696
JaJohnso4835,234
CArms7461,uss
JessicaTh5400,hunde
ChrisHu6,eppe
LorWilso71,rustno
JennifeParr2628,aste
KathGeo2,uckm
HWagner3,asswor
AHarre303,amme
KeviHerrer121,asebal
JamGarcia3,cces
JeSwanso661,23
NaMorro7554,hunde
SusanBright08,ootbal
AndrMat6224,5432
ACox8228,eorg
AngeSmi4262,uc
MatthewArn62,96
JTor0,00
MeliDu5023,atma
JohnBru4,as
KevHamilton8,ndre
JAria1455,234567
PeterLindse1211,arle
ChrRobinso754,hado
RachelKelly0,igge
BrandoJohnson723,00
NiArel35,ankee
AndrewHarris1055,eppe
TristanCurti1,ober
EriDaughe663,sshol
AHall835,illia
DLopez043,etmei
JHernandez677,ompute
JMo775,uss
BPar467,6666
JacoJo185,5432
KellHous32,9696
JeWalk7,ille
LisaJone2088,eathe
JessJohnso6,hado
AshlWalk3202,ankee
SOch156,ustan
PaulDu4215,6666
DanAdam1003,unshin
DeRiv2,rustno
LinBra6,icol
JacWi346,ex
ThCar50,illia
AustinJohns388,wert
MFlyn054,ustan
AlaKelly5,es
MHays375,ilve
ADave34,23
MrsChristi66,alla
TGre824,rang
CarrHog26,homa
JuCarr75,cces
GeraDavi110,5432
VeThom3222,rago
JennBlanke457,2345
MaRichard58,igge
CynthiChave8,atma
CassandraRo6421,anie
AutumVillega4,ober
AliSt8,aggi
AnthonyHu16,hunde
PaMe02,ompute
DCasti8066,ocke
EJo42,ndre
TinHu5,arle
TamBaue877,00
KathWo158,mand
AMendoza6,rustno
AsDanie6,asebal
KarVillanueva3778,ex
JacobWu810,ennife
KeOrteg75,ange
KDi814,ennife
MicJohns26,mand
SanHutchinson38,ootbal
DavidBa71,ichae
ChSch520,uc
CandaceCros26,5432
RoTayl808,96
AnnetRobb888,aste
Dr.Je10,ennife
KarHerr7,2312
ThomaAdam11,etmei
RobinSpen562,shle
JoWalk02,rang
TiffanReev635,mand
SarahJones04,occe
CaitlyMorris161,ustan
RyTu6701,234
MichWillia24,23456
ShaMoren6861,2345
MaPag75,sshol
CWo1340,9696
MarisaSanch13,rang
MattBar373,ompute
TKing170,es
MaryCastro6720,5432
JennifeCru6,2345678
KellyOr2,uc
WilliamWrig61,2345
JHarp848,9696
JenPeter1758,00
KBlackwel157,item
TField507,rang
JonathanBurgess265,2345678
RhondBurn03,ustan
DeboraMo7221,asebal
BMo345,234
KrSton4433,uperma
JTho2,reedo
RoyHea0,234
ZachSul5666,etmei
RobertChoi873,tarwar
RicBarro47,es
TiRobinso65,shle
ThoBower875,bc12
KaMoor7268,onke
GiSnyd1,uperma
MicNun1,inge
JMo50,ober
AlicVil0,23456
TanyaLaws0,as
KRo33,ustan
CherylBe8561,ankee
ToRush287,ille
StSmith0374,ichell
DrJul6286,ange
MicGutierr168,reedo
IanHowell511,es
MolWagne005,mand
MShor6410,aggi
JNeal4,asebal
JeffreySa38,ichae
MiBennet636,homa
MichaelAlle7,ichae
SeaRobbins551,uc
ElizCo4340,wert
CarlaCun373,anie
PaulRogers51,ilve
TimothThompson5034,hado
GRobe40,5432
MaCli1,ichell
JerryMendoz2833,23
BethanyLong1,ov
MattheBa4,rang
ErikNguye7,es
CyntParks412,eathe
LPer567,homa
DeanGregor1884,rustno
LiPi66,6666
JohnHanson10,eppe
CalFr6250,aggi
RichardWil66,ocke
MaEdw578,bc12
MichBr77,aste
JaAlex7,ille
AnDuncan045,eorg
SarahMarti62,alla
DanJohnso3756,atma
PHof0362,shle
ThomaPet3823,oshu
VHarr82,unte
WalterThom1,illia
JenKing63,ankee
MereLa00,asebal
EmJar523,ex
LynGre6465,es
Ms.Gi83,uste
IsabelWi63,ankee
ARo8804,alla
SherriGrif875,mand
LisaPowel576,aggi
TBradle306,hado
WarrWillia5238,occe
MSmi588,unte
MelissaGi3667,6666
JMartin8,rang
CourFlore313,uperma
ChLe524,ompute
RodnCleme60,5432
RacheSm61,mand
TamaWashi777,amme
RyaLe2551,icol
AshlAdams1,alla
RichColl2,illia
JameJacobs52,23
AlCampbell5881,uckm
JonathKi325,rustno
NicholaGonz3,cces
BBlanc2,1111
BranJacks457,amme
SarVa37,96
EdCh8,ompute
MackeVargas185,eorg
JenJack45,eppe
DeniseVaugh4,rago
DanieComp0413,mand
ABarre4,asebal
TrJohnso46,amme
LuisCar2,ange
DalBar15,eathe
NathaniCha27,ustan
ClaiMiller6624,23
DougNorm651,uste
ClayBair018,23
JBrown3,23
MSmith8816,2312
HeathKe20,item
AnitaLo80,uss
SPar26,rang
BrJohns1,inge
DAlv3,234
EugeJon8,arle
AlexaRichar3851,onke
JWr3635,hunde
ZachaJohnson7,icol
BeckyLee85,hado
KSc7,occe
MichaelDickso3,unshin
AmaLee6162,tarwar
RyDelgado51,uss
BrittBur7,9696
DTayl340,orda
CamRhod50,shle
SarahPhil0603,as
DavSchmidt057,icol
PatricRui43,amme
KareLinds6158,23456
JeremMay714,bc12
MatMurp15,cces
AliciSho2242,tarwar
JoKelle834,hunde
PamelHar067,es
TammWilso065,sshol
PThomp2005,2312
EmiSmith5,aggi
ColJon57,ichell
TifJohnson73,item
KatherinReye421,23
BCoffe4308,asebal
JerePa288,wert
JenniTod7462,2345
MiMatthe222,bc12
KimbHug3034,eppe
MaGl603,ille
DennGall874,as
JessicaCab5,bc12
CSmi172,inge
LPer2366,unte
KarWil1212,onke
CPo6821,igge
RichCo6067,uss
DeannWa86,asebal
JennVarg300,ichae
SherryGo314,23
TLy5727,2345
KevinJohnson25,hunde
GinJohnso17,hado
MDia484,anie
ThomasFro52,wert
LiJo3831,etmei
EdCabrer863,illia
MRe33,asebal
FrankValenci806,uc
ChristMarsh20,ex
AngeBro4,eppe
EKha3600,aggi
RRoac13,rang
ColleeTerr1,6666
SabrinaJohnso77,etmei
WJordan0,igge
JameBen278,ov
ALope8233,item
DrHo7737,occe
RoMart116,unshin
LPhillip2344,234567
CheMiller56,ex
HeDun0137,onke
JameJohnson5126,00
EriPo0152,igge
WilliaAnderso08,2312
JamesRil123,item
SHe43,uckyo
NaGraha02,5432
MOlive1851,23
CryThompson86,asswor
TamaMason4,asswor
WiRobbi727,occe
MikeMo3688,rang
LaHick82,rago
KarCla604,rang
CrystaMcbri7,ichell
LoreBell60,uckyo
RoCarpen6,ennife
PatriciaTurn7730,ilve
KathleeCar37,cces
CinDavis478,23
BriaMason104,eathe
JohnTyl7027,2345678
AbigWilson00,00
TroPatterson1846,inge
MichePri55,uperma
ChristopheReed3286,ex
SGray1655,234
ScDi34,2345678
ZacharAntho805,23456
BrandoTown0,rago
AnthBrown338,rang
WilliamBrown76,shle
THe285,uss
OmarJack52,96
JStev80,uc
BarbaraAguirr8,cces
CandMarti437,rago
RandyBurn660,asebal
TDa27,arle
JerAn1,ustan
TaraBlackw2,ilve
JamesDu486,shle
CherylKle0,icol
DaNelson148,harli
AshleGr656,icol
AshPra64,icol
MRod72,ennife
AndrHerna5,ange
ShReid4578,rang
KriArn4308,es
DaviWang151,amme
DWard154,aste
CatheJac57,ootbal
PatricDavi1741,ennife
RosBr383,2345678
LisLa068,rang
MallSh5880,234
ChrisPined40,hado
GeoCallahan130,arle
MarkRobi8,ompute
NGeor2032,ichell
EmilySm2,ichell
MakaylHernand564,eppe
AshleySto7880,ankee
ChristinaFox3027,ell
SDay4848,ankee
LawrenceRogers57,uckyo
AlbSmit0,ille
BenjaWa8,igge
JohHen3,aggi
RicharKnigh1,uckyo
RicharGonza04,ell
MelisMa6212,asebal
MckenzWr171,uckm
JCo42,inge
KathryMc0318,ov
DSn151,orda
HRo64,eppe
AlexHun0502,unte
JosRe7,cces
TimothyHe1150,eorg
VickAnders0260,ootbal
AaronMurr04,rang
JenRober1032,hado
SamuelMoreno6382,1111
JulieBolton0558,ootbal
MarYo77,icol
HeathPerry07,ocke
MattCas0883,rustno
CoBarr4726,uperma
MichCo01,ex
ThomaCon41,23456
ChriBrooks816,rago
JArmst3016,uste
MarSh7102,2345678
ViMorg0348,as
JonSt5,ichell
NicolBaxte220,9696
AlisFreema3782,ex
LinHarris57,as
EdwardObrien6414,aggi
CFarmer8,ustan
JamesMor2670,9696
AmaBrow17,2345678
BillWag8854,rago
GregoMcdonald850,harli
RogerLyo5,es
MDa24,harli
MeMora6,unshin
ClareNg302,ennife
KristiAust7,ell
RebecKh48,uperma
BeFergu471,96
MariGolden0427,asswor
JBa7831,illia
JameBrooks047,igge
JeffrWhit3364,6666
NicolSmit7,00
KHumphr7,icol
JennPierce2342,6666
SaStew854,ompute
WBald4523,ichae
SteRogers5707,eathe
TeLew8016,ompute
KatMann3,mand
JosMcdanie674,uc
TammLe24,2345678
SusWood53,sshol
DanielRoger3,234
ChrisGibso25,hunde
GregoMe6803,harli
AnHamilto284,hado
SerGree5,ootbal
JoRho641,orda
ColleenJohnso8,uste
JWil2,occe
SBr51,23456
LydLope7054,aggi
DCar83,wert
MBruce118,oshu
CraigOl0,2312
ToddDa2,uste
ChriPie336,shle
SamWalk176,anie
GeorSuar2,2345678
TherYo16,mand
SoniaWa1414,2312
KJon4640,9696
MarioAnder60,rustno
PaulRo684,ober
JMu057,23
BriaJone2772,ell
DStep8570,ober
LisaAdki08,ocke
ShannonDixo5,ichell
ChelsNunez0,uckyo
KathleeBrown3,cces
LaurenPa8441,uckyo
BWe046,shle
MatthGor5864,onke
JameRo15,uss
PaWa6777,shle
PaSmi0174,hado
DanieSt06,ootbal
SandKenn38,inge
JohSmi5,9696
MegaMen5080,shle
KJo454,tarwar
RLa61,aggi
JAr01,amme
ANew2543,ov
JenniBarnet8270,asebal
JohGrego45,ankee
JacRuiz8801,9696
EdHenson638,item
MarPr12,essic
VanessaChen0685,ocke
AnJor3050,5432
KOlsen7136,234567
TamBrya0,asswor
ChaBradfo76,23456
BrianAnd6118,uc
ElaineAndrews34,tarwar
ZoeKir1,orda
MarcDavis14,igge
TWalk3,anie
RLit244,unshin
DarWal87,eathe
DaWa431,cces
DeHarper00,unte
DanieFlow1337,homa
LarMille011,essic
ShaTerry851,essic
LHi4,234
KaitRobe27,ennife
AdamHahn7750,ennife
DConwa34,item
JoseCar6156,2345678
RyGom7,etmei
VincentRu6414,234567
StDoyl81,sshol
NicoJuar355,anie
SuzanHer6152,ennife
JoshSmi51,rustno
MichaeHoo3840,unshin
SaraCh5,reedo
BWilliams6,6666
ChGa7,hado
TimoWill1,aggi
AnAnde71,ilve
JamMi336,tarwar
AndreaSteel5165,amme
DaGou8658,atma
AliceRic558,00
JCo88,ankee
ChelHarri5,asebal
RonalBar3816,234
MelvDavis67,arle
KathrFr818,harli
BeMoor8,eorg
BillBa57,illia
SarMedina638,6666
KennetCarte17,oshu
KristoDel68,uss
JefferyFi62,ell
PaTa7044,occe
KevinTa651,2345678
DavTu8,as
MoMorga7,amme
JenniferSt1451,alla
MichHolme8,icol
LaurRodr6426,rago
JWeav6684,shle
MCohen2013,es
FranciBe0,etmei
ChristiMo3026,234
ChristopMar8128,ndre
BranJon22,ex
GeneColema4760,orda
ChrisRam50,amme
KatiGar3843,00
ChristiGa344,unte
DorothWright78,bc12
JakTan81,9696
AmberRios83,ell
OscGarc5,00
TonyaCo4314,essic
KellyFl00,2345
AmMorale6,ichell
DaBarnet5805,harli
GarretShah80,oshu
LiBeasley86,ankee
StevenCerva851,ex
JWoodwar5420,eathe
MatthNa63,ilve
PaWhi0,ichae
JoshWebb0,hado
LauraFranklin22,uss
MiMart5,uste
TracyMar82,rang
HarrMo0,aste
JennifPow28,5432
FaitMo02,inge
DCart566,sshol
JeremJone347,oshu
ArtDoug8755,234
JosWa7,amme
ChaMe0,1111
MaJohnso0,asebal
LisaPri776,item
RickRocha6265,mand
MariaMa33,anie
JoGuerre843,anie
AnthonHun50,tarwar
JBra3,occe
JoseDuar3,harli
ReginaAdams15,ompute
SFaul38,occe
DonalMoreno5850,ell
AlicBeltran58,asswor
AdaBrow8,uckm
AmandaGa3811,igge
HWright781,ocke
JenniferGon328,etmei
AnnaParks2,item
BrandoMarti4151,9696
BrittanOwen0131,2345
CaPe8525,2345678
KevPeters5,2345678
LPatel5367,23
KimbeMe8288,anie
KThornton156,ilve
JoaHarri7,homa
AlCampos7,uckyo
DPete7,uc
JaFarr41,ange
JaHunte26,wert
JefCo610,unshin
CheColeman05,23456
CCanno2,rustno
DGlover28,cces
JoshuaWhit123,ilve
SeWeb1374,atma
BrandSkin174,tarwar
RoberCha88,96
MelissaPere1113,ocke
JWo277,96
TimothyJennin4453,arle
